model,ROC_AUC_mean,ROC_AUC_std,PR_AUC_mean,PR_AUC_std
LDA,0.7475518309635968,0.002665084115865862,0.22481370635706738,0.0059304837841377845
Logistic Regression,0.7481100284960623,0.0029397595946304917,0.22429627460402085,0.005876699762755514
Regularized Logistic (L2),0.7481428570436555,0.0029692459467405953,0.22438638364327254,0.005955453509585524
